doc,para,events
1,0001,0
1,0002,0
1,0003,0
1,0004,0
1,0005,0
1,0006,0
1,0007,0
1,0008,0
1,0009,0
1,0010,0
1,0011,0
1,0012,0
1,0013,0
1,1001,1
1,1002,0
1,1003,0
1,1004,0
1,2001,0
1,2002,0
1,2003,1
1,2004,1
1,2005,1
1,2006,1
1,2007,1
1,2008,1
1,2009,1
1,2010,1
1,2011,1
1,2012,1
1,2013,3
1,2014,3
1,2015,0
1,2016,1
1,2017,1
1,2018,1
1,2019,0
1,2020,0
1,2021,0
1,2022,0
1,2023,0
1,2024,0
1,2025,0
1,2026,0
1,2027,0
1,2028,0
1,2029,0
1,2030,0
1,2031,0
1,2032,0
1,2033,0
1,2034,0
1,2035,0
1,2036,0
1,2037,0
1,2038,0
1,2039,0
1,2040,0
1,2041,0
1,2042,0
1,2043,0
1,2044,0
1,2045,0
1,2046,0
1,2047,0
1,2048,0
1,2049,0
1,2050,0
1,2051,0
1,2052,0
1,2053,0
1,2054,0
1,2055,0
1,2056,0
1,2057,0
1,2058,0
1,2059,0
1,2060,0
1,2061,0
1,2062,0
1,2063,0
1,2064,0
1,2065,0
1,2066,0
1,2067,0
1,2068,0
1,2069,0
1,2070,0
1,2071,0
1,2072,0
1,2073,0
1,3001,0
1,3002,0
1,3003,0
1,3004,0
1,3005,0
1,3006,0
1,3007,0
1,3008,0
1,3009,0
1,3010,0
1,3011,0
1,3012,0
1,3013,0
1,3014,0
1,3015,0
1,3016,0
1,3017,0
1,3018,0
1,3019,0
1,3020,0
1,3021,0
1,3022,0
1,3023,0
1,3024,0
1,3025,0
1,3026,0
1,3027,0
1,3028,0
1,3029,0
1,3030,0
1,3031,0
1,3032,0
1,3033,0
1,3034,0
1,3035,0
1,3036,0
1,3037,0
1,3038,0
1,3039,0
1,3040,0
1,3041,0
1,3042,0
1,3043,0
1,3044,0
1,3045,0
1,3046,0
1,3047,0
1,3048,0
1,3049,0
1,3050,0
1,3051,0
1,3052,0
1,3053,0
1,3054,0
1,3055,0
1,3056,0
1,3057,0
1,3058,0
1,3059,0
1,3060,0
1,3061,0
1,3062,0
1,3063,0
1,3064,0
1,3065,0
1,3066,0
1,3067,0
1,3068,0
1,4001,1
1,4002,1
1,4003,1
1,4004,1
1,4005,1
1,4006,1
1,4007,1
1,4008,1
1,4009,1
1,4010,0
2,0001,0
2,0002,0
2,0003,0
2,0004,0
2,0005,0
2,0006,0
2,0007,0
2,1001,1
2,1002,0
2,1003,0
2,1004,0
2,1005,0
2,2001,1
2,2002,1
2,2003,0
2,2004,1
2,2005,0
2,2006,1
2,2007,1
2,2008,1
2,2009,1
2,3001,0
2,3002,0
2,3003,0
2,3004,0
2,3005,0
2,3006,0
2,3007,0
2,3008,0
2,3009,0
2,3010,0
2,3011,0
2,3012,0
2,3013,0
2,3014,0
2,3015,0
2,3016,0
2,3017,0
2,3018,0
2,3019,0
2,3020,0
2,3021,0
2,3022,0
2,3023,0
2,3024,0
2,3025,0
2,3026,0
2,3027,0
2,3028,0
2,3029,0
2,3030,0
2,3031,0
2,3032,0
2,3033,0
2,3034,0
2,3035,0
2,4001,1
2,4002,1
2,4003,1
2,4004,1
2,4005,1
2,4006,1
2,4007,1
2,4008,1
2,4009,1
2,4010,1
2,4011,0
3,0001,0
3,0002,0
3,0003,0
3,0004,0
3,0005,0
3,0006,0
3,0007,0
3,1001,1
3,1002,0
3,1003,0
3,1004,0
3,2001,0
3,2002,0
3,2003,1
3,2004,0
3,2005,3
3,2006,1
3,2007,1
3,2008,5
3,2009,0
3,2010,0
3,2011,0
3,2012,0
3,2013,0
3,2014,0
3,2015,0
3,2016,0
3,2017,0
3,2018,0
3,2019,0
3,2020,0
3,2021,0
3,2022,0
3,2023,0
3,2024,0
3,2025,0
3,3001,0
3,3002,0
3,3003,0
3,3004,0
3,3005,0
3,3006,0
3,3007,0
3,3008,0
3,3009,0
3,3010,0
3,3011,0
3,3012,0
3,3013,0
3,3014,0
3,3015,0
3,3016,0
3,3017,0
3,3018,0
3,3019,0
3,3020,0
3,3021,0
3,3022,0
3,3023,0
3,3024,0
3,3025,0
3,3026,0
3,3027,0
3,3028,0
3,3029,0
3,3030,0
3,3031,0
3,3032,0
3,3033,0
3,3034,0
3,3035,0
3,3036,0
3,3037,0
3,3038,0
3,3039,0
3,3040,0
3,3041,0
3,3042,0
3,3043,0
3,3044,0
3,3045,0
3,3046,0
3,4001,1
3,4002,1
3,4003,1
3,4004,1
3,4005,1
3,4006,1
3,4007,1
3,4008,1
3,4009,1
3,4010,1
3,4011,1
3,4012,0
4,0001,0
4,0002,0
4,0003,0
4,0004,0
4,0005,0
4,0006,0
4,0007,0
4,1001,1
4,1002,0
4,1003,0
4,1004,0
4,2001,1
4,2002,1
4,2003,0
4,2004,1
4,2005,5
4,2006,1
4,2007,2
4,2008,3
4,2009,3
4,2010,1
4,2011,4
4,2012,2
4,2013,2
4,2014,3
4,2015,2
4,2016,1
4,2017,0
4,2018,0
4,2019,0
4,2020,1
4,2021,1
4,2022,1
4,2023,2
4,2024,2
4,2025,0
4,2026,0
4,2027,0
4,3001,0
4,3002,0
4,3003,0
4,3004,0
4,3005,0
4,3006,0
4,3007,0
4,3008,0
4,3009,0
4,3010,0
4,3011,0
4,3012,0
4,3013,0
4,3014,0
4,3015,0
4,3016,0
4,3017,0
4,3018,0
4,3019,0
4,3020,0
4,3021,0
4,3022,0
4,3023,0
4,3024,0
4,4001,1
4,4002,1
4,4003,1
4,4004,0
5,0001,0
5,0002,0
5,0003,0
5,0004,0
5,0005,0
5,0006,0
5,0007,0
5,0008,0
5,1001,1
5,1002,0
5,1003,0
5,2001,0
5,2002,2
5,2003,1
5,2004,1
5,2005,1
5,2006,1
5,2007,1
5,2008,1
5,2009,1
5,2010,1
5,2011,1
5,2012,1
5,2013,1
5,2014,0
5,3001,0
5,3002,0
5,3003,0
5,3004,0
5,3005,0
5,3006,0
5,3007,0
5,3008,0
5,3009,0
5,3010,0
5,3011,0
5,3012,0
5,3013,0
5,3014,0
5,3015,0
5,3016,0
5,3017,0
5,3018,0
5,3019,0
5,3020,0
5,3021,0
5,3022,0
5,3023,0
5,3024,0
5,3025,0
5,3026,0
5,3027,0
5,3028,0
5,3029,0
5,4001,1
5,4002,1
5,4003,1
5,4004,1
5,4005,1
5,4006,1
5,4007,1
5,4008,0
6,0001,0
6,0002,0
6,0003,0
6,0004,0
6,0005,0
6,0006,0
6,0007,0
6,0008,0
6,0009,0
6,0010,0
6,0011,0
6,1001,1
6,1002,0
6,1003,0
6,1004,0
6,2001,0
6,2002,4
6,2003,1
6,2004,1
6,2005,2
6,2006,1
6,2007,0
6,2008,0
6,2009,2
6,2010,4
6,2011,1
6,2012,2
6,2013,1
6,2014,0
6,3001,0
6,3002,0
6,3003,0
6,3004,0
6,3005,0
6,3006,0
6,3007,0
6,3008,0
6,3009,0
6,3010,0
6,3011,0
6,3012,0
6,3013,0
6,3014,0
6,3015,0
6,3016,0
6,3017,0
6,3018,0
6,3019,0
6,3020,0
6,3021,0
6,3022,0
6,3023,0
6,3024,0
6,3025,0
6,3026,0
6,3027,0
6,3028,0
6,3029,0
6,3030,0
6,3031,0
6,3032,0
6,3033,0
6,4001,1
6,4002,1
6,4003,1
6,4004,1
6,4005,1
6,4006,1
6,4007,1
6,4008,1
6,4009,1
6,4010,1
6,4011,0
7,0001,0
7,0002,0
7,0003,0
7,0004,0
7,0005,0
7,0006,0
7,0007,0
7,0008,0
7,0009,0
7,1001,1
7,1002,0
7,1003,0
7,1004,0
7,2001,0
7,2002,2
7,2003,3
7,2004,3
7,2005,2
7,2006,0
7,2007,0
7,3001,0
7,3002,0
7,3003,0
7,3004,0
7,3005,0
7,3006,0
7,3007,0
7,3008,0
7,3009,0
7,3010,0
7,3011,0
7,3012,0
7,3013,0
7,3014,0
7,3015,0
7,3016,0
7,3017,0
7,3018,0
7,3019,0
7,3020,0
7,3021,0
7,3022,0
7,3023,0
7,3024,0
7,3025,0
7,3026,0
7,3027,0
7,3028,0
7,3029,0
7,3030,0
7,3031,0
7,3032,0
7,3033,0
7,3034,0
7,3035,0
7,3036,0
7,3037,0
7,4001,1
7,4002,1
7,4003,1
7,4004,1
7,4005,1
7,4006,0
8,0001,0
8,0002,0
8,0003,0
8,0004,0
8,0005,0
8,0006,0
8,0007,0
8,0008,0
8,0009,0
8,0010,0
8,0011,0
8,0012,0
8,1001,1
8,1002,0
8,1003,0
8,1004,0
8,2001,0
8,2002,0
8,2003,5
8,2004,1
8,2005,1
8,2006,2
8,2007,1
8,2008,1
8,2009,0
8,2010,0
8,2011,0
8,2012,0
8,2013,0
8,2014,0
8,2015,0
8,2016,1
8,2017,0
8,2018,0
8,2019,0
8,2020,0
8,2021,0
8,2022,0
8,2023,0
8,2024,0
8,2025,0
8,2026,0
8,2027,0
8,2028,0
8,2029,0
8,2030,0
8,2031,0
8,2032,0
8,2033,0
8,2034,0
8,2035,0
8,2036,0
8,2037,0
8,2038,0
8,2039,0
8,2040,0
8,2041,0
8,2042,0
8,2043,0
8,2044,0
8,2045,0
8,2046,0
8,3001,0
8,3002,0
8,3003,0
8,3004,0
8,3005,0
8,3006,0
8,3007,0
8,3008,0
8,3009,0
8,3010,0
8,3011,0
8,3012,0
8,3013,0
8,3014,0
8,3015,0
8,3016,0
8,3017,0
8,3018,0
8,3019,0
8,3020,0
8,3021,0
8,3022,0
8,4001,1
8,4002,1
8,4003,1
9,0001,0
9,0002,0
9,0003,0
9,0004,0
9,0005,0
9,0006,0
9,0007,0
9,0008,0
9,0009,0
9,0010,0
9,0011,0
9,0012,0
9,1001,1
9,1002,0
9,1003,0
9,1004,0
9,2001,0
9,2002,1
9,2003,4
9,2004,0
9,2005,1
9,2006,0
9,2007,0
9,2008,0
9,2009,0
9,2010,1
9,2011,1
9,2012,1
9,2013,1
9,2014,1
9,2015,0
9,2016,0
9,2017,1
9,2018,1
9,2019,0
9,2020,0
9,2021,0
9,2022,1
9,2023,2
9,2024,2
9,2025,1
9,2026,0
9,2027,1
9,2028,0
9,2029,1
9,2030,1
9,2031,1
9,2032,0
9,2033,0
9,2034,0
9,2035,0
9,2036,1
9,2037,1
9,2038,1
9,2039,0
9,2040,0
9,2041,0
9,2042,0
9,2043,0
9,2044,0
9,2045,0
9,2046,0
9,2047,1
9,2048,1
9,2049,1
9,2050,0
9,2051,0
9,2052,0
9,2053,0
9,2054,0
9,2055,0
9,2056,0
9,2057,0
9,2058,0
9,2059,0
9,2060,0
9,2061,0
9,2062,0
9,2063,0
9,2064,0
9,2065,0
9,2066,0
9,2067,0
9,2068,0
9,2069,0
9,2070,0
9,2071,0
9,2072,0
9,2073,0
9,2074,0
9,2075,0
9,2076,0
9,2077,0
9,2078,0
9,2079,0
9,2080,0
9,2081,0
9,2082,0
9,2083,0
9,2084,0
9,2085,0
9,2086,0
9,2087,0
9,2088,0
9,3001,0
9,3002,0
9,3003,0
9,3004,0
9,3005,0
9,3006,0
9,3007,0
9,3008,0
9,3009,0
9,3010,0
9,3011,0
9,3012,0
9,3013,0
9,3014,0
9,3015,0
9,3016,0
9,3017,0
9,3018,0
9,3019,0
9,3020,0
9,3021,0
9,3022,0
9,3023,0
9,3024,0
9,3025,0
9,3026,0
9,3027,0
9,3028,0
9,3029,0
9,3030,0
9,3031,0
9,3032,0
9,3033,0
9,4001,1
9,4002,1
9,4003,1
9,4004,0
10,0001,0
10,0002,0
10,0003,0
10,0004,0
10,0005,0
10,0006,0
10,0007,0
10,0008,0
10,0009,0
10,1001,1
10,1002,0
10,1003,0
10,1004,0
10,2001,2
10,2002,1
10,2003,1
10,2004,1
10,2005,0
10,2006,1
10,2007,1
10,2008,2
10,2009,2
10,2010,1
10,2011,1
10,2012,2
10,2013,1
10,2014,1
10,2015,1
10,2016,1
10,2017,1
10,2018,1
10,2019,0
10,2020,1
10,2021,0
10,2022,2
10,2023,1
10,2024,1
10,2025,3
10,2026,1
10,2027,1
10,2028,1
10,2029,1
10,2030,1
10,2031,1
10,2032,0
10,2033,0
10,2034,0
10,2035,0
10,2036,0
10,2037,0
10,2038,0
10,2039,0
10,2040,0
10,2041,0
10,2042,0
10,2043,0
10,2044,0
10,2045,0
10,2046,0
10,2047,0
10,2048,0
10,2049,0
10,2050,0
10,2051,0
10,2052,0
10,2053,0
10,2054,0
10,2055,0
10,2056,0
10,2057,0
10,2058,0
10,2059,0
10,2060,0
10,2061,0
10,2062,0
10,2063,0
10,2064,0
10,2065,0
10,2066,0
10,2067,0
10,2068,0
10,2069,0
10,2070,0
10,2071,0
10,2072,0
10,2073,0
10,2074,0
10,2075,0
10,2076,0
10,2077,0
10,2078,0
10,2079,0
10,2080,0
10,2081,0
10,2082,0
10,2083,0
10,2084,0
10,2085,0
10,2086,0
10,2087,0
10,2088,0
10,2089,0
10,2090,0
10,2091,0
10,2092,0
10,2093,0
10,2094,0
10,2095,0
10,3001,0
10,3002,0
10,3003,0
10,3004,0
10,3005,0
10,3006,0
10,3007,0
10,3008,0
10,3009,0
10,3010,0
10,3011,0
10,3012,0
10,3013,0
10,3014,0
10,3015,0
10,3016,0
10,3017,0
10,3018,0
10,3019,0
10,3020,0
10,3021,0
10,3022,0
10,3023,0
10,3024,0
10,3025,0
10,3026,0
10,3027,0
10,3028,0
10,3029,0
10,3030,0
10,3031,0
10,3032,0
10,3033,0
10,3034,0
10,3035,0
10,3036,0
10,3037,0
10,3038,0
10,3039,0
10,3040,0
10,3041,0
10,3042,0
10,3043,0
10,3044,0
10,3045,0
10,3046,0
10,3047,0
10,3048,0
10,3049,0
10,3050,0
10,3051,0
10,3052,0
10,3053,0
10,3054,0
10,3055,0
10,3056,0
10,3057,0
10,3058,0
10,3059,0
10,3060,0
10,3061,0
10,3062,0
10,3063,0
10,3064,0
10,3065,0
10,4001,1
10,4002,1
10,4003,1
10,4004,0
10,4005,0
10,4006,0
10,4007,0
10,4008,0
10,4009,0
10,4010,0
10,4011,0
10,4012,0
11,0001,0
11,0002,0
11,0003,0
11,0004,0
11,0005,0
11,0006,0
11,0007,0
11,0008,0
11,0009,0
11,0010,0
11,0011,0
11,1001,1
11,1002,0
11,1003,0
11,1004,0
11,2001,0
11,2002,2
11,2003,1
11,2004,2
11,2005,1
11,2006,1
11,2007,1
11,2008,1
11,2009,2
11,2010,1
11,2011,1
11,2012,0
11,2013,0
11,2014,0
11,2015,0
11,2016,0
11,2017,1
11,2018,1
11,2019,1
11,2020,0
11,2021,0
11,2022,0
11,2023,0
11,2024,0
11,2025,0
11,2026,0
11,3001,0
11,3002,0
11,3003,0
11,3004,0
11,3005,0
11,3006,0
11,3007,0
11,3008,0
11,3009,0
11,3010,0
11,3011,0
11,3012,0
11,3013,0
11,3014,0
11,3015,0
11,3016,0
11,3017,0
11,3018,0
11,3019,0
11,3020,0
11,3021,0
11,3022,0
11,3023,0
11,3024,0
11,3025,0
11,3026,0
11,3027,0
11,3028,0
11,3029,0
11,3030,0
11,3031,0
11,3032,0
11,3033,0
11,3034,0
11,3035,0
11,3036,0
11,4001,1
11,4002,1
11,4003,1
11,4004,1
11,4005,1
11,4006,1
11,4007,1
11,4008,1
11,4009,1
11,4010,0
12,0001,0
12,0002,0
12,0003,0
12,0004,0
12,0005,0
12,0006,0
12,0007,0
12,1001,1
12,1002,0
12,1003,0
12,1004,0
12,2001,0
12,2002,6
12,2003,1
12,2004,1
12,2005,0
12,2006,1
12,2007,1
12,2008,1
12,2009,1
12,2010,0
12,2011,0
12,2012,0
12,3001,0
12,3002,0
12,3003,0
12,3004,0
12,3005,0
12,3006,0
12,3007,0
12,3008,0
12,3009,0
12,3010,0
12,3011,0
12,3012,0
12,3013,0
12,3014,0
12,3015,0
12,3016,0
12,3017,0
12,3018,0
12,3019,0
12,3020,0
12,3021,0
12,3022,0
12,3023,0
12,3024,0
12,3025,0
12,3026,0
12,3027,0
12,4001,1
12,4002,1
12,4003,1
12,4004,1
12,4005,1
12,4006,1
12,4007,1
12,4008,1
12,4009,1
12,4010,1
12,4011,0
13,0001,0
13,0002,0
13,0003,0
13,0004,0
13,0005,0
13,0006,0
13,0007,0
13,0008,0
13,0009,0
13,1001,1
13,1002,0
13,1003,0
13,1004,0
13,2001,0
13,2002,0
13,2003,1
13,2004,0
13,2005,0
13,2006,0
13,2007,1
13,2008,0
13,2009,1
13,2010,2
13,2011,1
13,2012,2
13,2013,0
13,2014,1
13,2015,0
13,2016,0
13,3001,0
13,3002,0
13,3003,0
13,3004,0
13,3005,0
13,3006,0
13,3007,0
13,3008,0
13,3009,0
13,3010,0
13,3011,0
13,3012,0
13,3013,0
13,3014,0
13,3015,0
13,3016,0
13,3017,0
13,3018,0
13,3019,0
13,3020,0
13,3021,0
13,3022,0
13,3023,0
13,3024,0
13,3025,0
13,3026,0
13,3027,0
13,3028,0
13,3029,0
13,3030,0
13,3031,0
13,3032,0
13,3033,0
13,3034,0
13,3035,0
13,3036,0
13,3037,0
13,3038,0
13,3039,0
13,3040,0
13,4001,1
13,4002,1
13,4003,1
13,4004,1
13,4005,1
13,4006,1
13,4007,1
13,4008,1
13,4009,1
13,4010,0
14,0001,0
14,0002,0
14,0003,0
14,0004,0
14,0005,0
14,0006,0
14,0007,0
14,0008,0
14,0009,0
14,1001,1
14,1002,0
14,1003,0
14,1004,0
14,2001,0
14,2002,2
14,2003,1
14,2004,1
14,2005,1
14,2006,1
14,2007,1
14,2008,2
14,2009,1
14,2010,1
14,2011,1
14,2012,1
14,2013,1
14,2014,1
14,2015,1
14,2016,1
14,2017,1
14,2018,1
14,2019,1
14,2020,0
14,2021,1
14,2022,0
14,2023,1
14,2024,1
14,2025,1
14,2026,1
14,2027,2
14,2028,1
14,2029,1
14,2030,1
14,2031,1
14,2032,1
14,2033,1
14,2034,2
14,2035,1
14,2036,2
14,2037,1
14,2038,1
14,2039,1
14,2040,0
14,3001,0
14,3002,0
14,3003,0
14,3004,0
14,3005,0
14,3006,0
14,3007,0
14,3008,0
14,3009,0
14,3010,0
14,3011,0
14,3012,0
14,3013,0
14,3014,0
14,3015,0
14,3016,0
14,3017,0
14,3018,0
14,3019,0
14,3020,0
14,3021,0
14,3022,0
14,3023,0
14,3024,0
14,3025,0
14,3026,0
14,4001,1
14,4002,1
14,4003,1
14,4004,1
14,4005,1
14,4006,1
14,4007,1
14,4008,1
14,4009,1
14,4010,0
15,0001,0
15,0002,0
15,0003,0
15,0004,0
15,0005,0
15,0006,0
15,0007,0
15,0008,0
15,0009,0
15,1001,1
15,1002,0
15,1003,0
15,1004,0
15,2001,0
15,2002,2
15,2003,1
15,2004,1
15,2005,2
15,2006,6
15,2007,2
15,2008,1
15,2009,1
15,2010,1
15,2011,1
15,2012,2
15,2013,0
15,2014,4
15,2015,0
15,2016,2
15,2017,3
15,2018,0
15,2019,0
15,2020,0
15,2021,0
15,2022,0
15,2023,0
15,2024,0
15,2025,0
15,2026,0
15,2027,0
15,2028,0
15,2029,0
15,2030,0
15,2031,0
15,2032,0
15,3001,0
15,3002,0
15,3003,0
15,3004,0
15,3005,0
15,3006,0
15,3007,0
15,3008,0
15,3009,0
15,3010,0
15,3011,0
15,3012,0
15,3013,0
15,3014,0
15,3015,0
15,3016,0
15,3017,0
15,3018,0
15,3019,0
15,3020,0
15,3021,0
15,3022,0
15,3023,0
15,3024,0
15,3025,0
15,3026,0
15,3027,0
15,3028,0
15,3029,0
15,3030,0
15,3031,0
15,3032,0
15,3033,0
15,3034,0
15,3035,0
15,4001,1
15,4002,1
15,4003,1
15,4004,1
15,4005,1
15,4006,1
15,4007,1
15,4008,1
15,4009,1
15,4010,0
16,0001,0
16,0002,0
16,0003,0
16,0004,0
16,0005,0
16,0006,0
16,0007,0
16,0008,0
16,1001,1
16,1002,0
16,1003,0
16,1004,0
16,1005,0
16,2001,2
16,2002,3
16,2003,1
16,2004,1
16,2005,1
16,2006,0
16,2007,1
16,2008,1
16,2009,0
16,2010,0
16,2011,2
16,2012,0
16,2013,0
16,2014,0
16,2015,1
16,2016,3
16,2017,1
16,2018,3
16,2019,1
16,2020,0
16,2021,0
16,2022,0
16,3001,0
16,3002,0
16,3003,0
16,3004,0
16,3005,0
16,3006,0
16,3007,0
16,3008,0
16,3009,0
16,3010,0
16,3011,0
16,3012,0
16,3013,0
16,3014,0
16,3015,0
16,3016,0
16,3017,0
16,3018,0
16,3019,0
16,3020,0
16,3021,0
16,3022,0
16,3023,0
16,3024,0
16,3025,0
16,3026,0
16,3027,0
16,3028,0
16,3029,0
16,3030,0
16,3031,0
16,3032,0
16,3033,0
16,3034,0
16,3035,0
16,3036,0
16,3037,0
16,3038,0
16,3039,0
16,3040,0
16,3041,0
16,3042,0
16,4001,1
16,4002,1
16,4003,1
16,4004,1
16,4005,1
16,4006,1
16,4007,1
16,4008,1
16,4009,1
16,4010,1
17,0001,0
17,0002,0
17,0003,0
17,0004,0
17,0005,0
17,0006,0
17,0007,0
17,0008,0
17,0009,0
17,0010,0
17,0011,0
17,1001,1
17,1002,0
17,1003,0
17,1004,0
17,2001,0
17,2002,4
17,2003,1
17,2004,1
17,2005,2
17,2006,2
17,3001,0
17,3002,0
17,3003,0
17,3004,0
17,3005,0
17,3006,0
17,3007,0
17,3008,0
17,3009,0
17,3010,0
17,3011,0
17,3012,0
17,3013,0
17,3014,0
17,3015,0
17,3016,0
17,3017,0
17,3018,0
17,3019,0
17,4001,1
17,4002,1
17,4003,1
17,4004,1
17,4005,1
17,4006,1
17,4007,1
17,4008,0
17,4009,0
17,4010,0
17,4011,0
17,4012,0
17,4013,0
17,4014,0
17,4015,0
17,4016,0
17,4017,0
17,4018,0
17,4019,0
17,4020,0
17,4021,0
17,4022,0
18,0001,0
18,0002,0
18,0003,0
18,0004,0
18,0005,0
18,0006,0
18,0007,0
18,0008,0
18,0009,0
18,0010,0
18,0011,0
18,1001,1
18,1002,0
18,1003,0
18,1004,0
18,2001,0
18,2002,2
18,2003,1
18,2004,2
18,2005,1
18,2006,1
18,2007,1
18,2008,1
18,2009,1
18,2010,0
18,2011,0
18,2012,0
18,2013,0
18,2014,0
18,2015,0
18,2016,0
18,2017,0
18,2018,0
18,2019,0
18,2020,0
18,3001,0
18,3002,0
18,3003,0
18,3004,0
18,3005,0
18,3006,0
18,3007,0
18,3008,0
18,3009,0
18,3010,0
18,3011,0
18,3012,0
18,3013,0
18,3014,0
18,3015,0
18,3016,0
18,3017,0
18,3018,0
18,3019,0
18,3020,0
18,3021,0
18,3022,0
18,3023,0
18,3024,0
18,3025,0
18,3026,0
18,3027,0
18,3028,0
18,3029,0
18,3030,0
18,3031,0
18,3032,0
18,3033,0
18,3034,0
18,4001,1
18,4002,1
18,4003,1
18,4004,1
18,4005,1
18,4006,1
18,4007,1
18,4008,1
18,4009,1
18,4010,0
19,0001,0
19,0002,0
19,0003,0
19,0004,0
19,0005,0
19,0006,0
19,0007,0
19,0008,0
19,0009,0
19,0010,0
19,0011,0
19,0012,0
19,1001,1
19,1002,0
19,1003,0
19,1004,0
19,2001,0
19,2002,3
19,2003,1
19,2004,1
19,2005,1
19,2006,1
19,2007,1
19,2008,1
19,2009,1
19,2010,1
19,2011,1
19,2012,1
19,2013,1
19,2014,2
19,2015,1
19,2016,1
19,2017,1
19,2018,1
19,2019,1
19,2020,1
19,2021,0
19,2022,1
19,2023,1
19,2024,0
19,2025,1
19,2026,1
19,2027,1
19,2028,1
19,2029,1
19,2030,1
19,2031,1
19,2032,0
19,2033,0
19,2034,0
19,3001,0
19,3002,0
19,3003,0
19,3004,0
19,3005,0
19,3006,0
19,3007,0
19,3008,0
19,3009,0
19,3010,0
19,3011,0
19,3012,0
19,3013,0
19,3014,0
19,3015,0
19,3016,0
19,3017,0
19,3018,0
19,3019,0
19,3020,0
19,3021,0
19,3022,0
19,3023,0
19,3024,0
19,3025,0
19,3026,0
19,3027,0
19,3028,0
19,3029,0
19,3030,0
19,3031,0
19,3032,0
19,4001,1
19,4002,1
19,4003,1
19,4004,1
19,4005,1
19,4006,1
19,4007,1
19,4008,0
20,0001,0
20,0002,0
20,0003,0
20,0004,0
20,0005,0
20,0006,0
20,0007,0
20,0008,0
20,0009,0
20,1001,1
20,1002,0
20,1003,0
20,1004,0
20,2001,0
20,2002,2
20,2003,3
20,2004,1
20,2005,2
20,2006,2
20,2007,2
20,2008,1
20,2009,1
20,2010,0
20,2011,0
20,2012,0
20,2013,0
20,2014,0
20,2015,0
20,2016,0
20,3001,0
20,3002,0
20,3003,0
20,3004,0
20,3005,0
20,3006,0
20,3007,0
20,3008,0
20,3009,0
20,3010,0
20,3011,0
20,3012,0
20,3013,0
20,3014,0
20,3015,0
20,3016,0
20,3017,0
20,3018,0
20,3019,0
20,3020,0
20,3021,0
20,3022,0
20,3023,0
20,3024,0
20,3025,0
20,3026,0
20,3027,0
20,3028,0
20,3029,0
20,3030,0
20,3031,0
20,3032,0
20,3033,0
20,3034,0
20,3035,0
20,3036,0
20,3037,0
20,4001,1
20,4002,1
20,4003,1
20,4004,1
20,4005,1
20,4006,1
20,4007,1
20,4008,1
20,4009,1
20,4010,1
20,4011,0
21,0001,0
21,0002,0
21,0003,0
21,0004,0
21,0005,0
21,0006,0
21,0007,0
21,0008,0
21,0009,0
21,0010,0
21,0011,0
21,0012,0
21,0013,0
21,0014,0
21,0015,0
21,0016,0
21,0017,0
21,0018,0
21,0019,0
21,0020,0
21,0021,0
21,0022,0
21,0023,0
21,0024,0
21,0025,0
21,0026,0
21,0027,0
21,1001,1
21,1002,0
21,1003,0
21,1004,0
21,2001,0
21,2002,1
21,2003,1
21,2004,1
21,2005,1
21,2006,1
21,2007,1
21,2008,1
21,2009,1
21,2010,2
21,2011,1
21,2012,1
21,2013,1
21,2014,1
21,2015,1
21,2016,1
21,2017,1
21,2018,1
21,2019,2
21,2020,1
21,2021,1
21,2022,1
21,2023,1
21,2024,1
21,2025,2
21,2026,2
21,2027,2
21,2028,1
21,2029,1
21,2030,1
21,2031,1
21,2032,1
21,2033,1
21,2034,1
21,2035,0
21,2036,0
21,2037,1
21,2038,1
21,2039,0
21,3001,0
21,3002,0
21,3003,0
21,3004,0
21,3005,0
21,3006,0
21,3007,0
21,3008,0
21,3009,0
21,3010,0
21,3011,0
21,3012,0
21,3013,0
21,3014,0
21,3015,0
21,3016,0
21,3017,0
21,3018,0
21,3019,0
21,3020,0
21,3021,0
21,3022,0
21,3023,0
21,3024,0
21,3025,0
21,3026,0
21,3027,0
21,3028,0
21,3029,0
21,3030,0
21,3031,0
21,3032,0
21,3033,0
21,3034,0
21,3035,0
21,3036,0
21,3037,0
21,3038,0
21,3039,0
21,3040,0
21,3041,0
21,3042,0
21,3043,0
21,3044,0
21,3045,0
21,3046,0
21,3047,0
21,3048,0
21,3049,0
21,3050,0
21,3051,0
21,3052,0
21,3053,0
21,3054,0
21,3055,0
21,3056,0
21,3057,0
21,3058,0
21,3059,0
21,3060,0
21,3061,0
21,3062,0
21,3063,0
21,3064,0
21,3065,0
21,3066,0
21,3067,0
21,3068,0
21,3069,0
21,3070,0
21,3071,0
21,3072,0
21,3073,0
21,3074,0
21,3075,0
21,3076,0
21,4001,1
21,4002,1
21,4003,1
21,4004,1
21,4005,1
21,4006,1
21,4007,1
21,4008,1
21,4009,1
21,4010,0
21,4011,0
21,4012,0
21,4013,0
21,4014,0
21,4015,0
21,4016,0
21,4017,0
21,4018,0
21,4019,0
21,4020,0
21,4021,0
21,4022,0
21,4023,0
21,4024,0
21,4025,0
21,4026,0
21,4027,0
21,4028,0
21,4029,0
21,4030,0
21,4031,0
21,4032,0
21,4033,0
21,4034,0
21,4035,0
21,4036,0
21,4037,0
21,4038,0
21,4039,0
21,4040,0
21,4041,0
21,4042,0
21,4043,0
21,4044,0
21,4045,0
21,4046,0
21,4047,0
21,4048,0
21,4049,0
21,4050,0
21,4051,0
21,4052,0
21,4053,0
21,4054,0
21,4055,0
21,4056,0
21,4057,0
21,4058,0
21,4059,0
21,4060,0
21,4061,0
21,4062,0
21,4063,0
21,4064,0
21,4065,0
21,4066,0
21,4067,0
21,4068,0
21,4069,0
21,4070,0
21,4071,0
21,4072,0
21,4073,0
22,0001,0
22,0002,0
22,0003,0
22,0004,0
22,0005,0
22,0006,0
22,0007,0
22,0008,0
22,0009,0
22,0010,0
22,0011,0
22,0012,0
22,0013,0
22,0014,0
22,0015,0
22,0016,0
22,0017,0
22,0018,0
22,0019,0
22,0020,0
22,0021,0
22,0022,0
22,0023,0
22,0024,0
22,0025,0
22,0026,0
22,0027,0
22,0028,0
22,0029,0
22,0030,0
22,0031,0
22,0032,0
22,1001,1
22,1002,0
22,1003,0
22,1004,0
22,2001,0
22,2002,2
22,2003,1
22,2004,1
22,2005,2
22,2006,1
22,2007,1
22,2008,1
22,2009,2
22,2010,1
22,2011,2
22,2012,1
22,2013,1
22,2014,0
22,2015,0
22,2016,0
22,2017,0
22,2018,0
22,2019,0
22,2020,0
22,2021,0
22,2022,0
22,2023,0
22,2024,0
22,2025,0
22,2026,0
22,2027,0
22,2028,0
22,2029,0
22,3001,0
22,3002,0
22,3003,0
22,3004,0
22,3005,0
22,3006,0
22,3007,0
22,3008,0
22,3009,0
22,3010,0
22,3011,0
22,3012,0
22,3013,0
22,3014,0
22,3015,0
22,3016,0
22,3017,0
22,3018,0
22,3019,0
22,3020,0
22,3021,0
22,3022,0
22,3023,0
22,3024,0
22,3025,0
22,3026,0
22,3027,0
22,3028,0
22,3029,0
22,3030,0
22,3031,0
22,4001,0
22,4002,1
22,4003,1
22,4004,1
22,4005,1
22,4006,1
22,4007,1
22,4008,1
22,4009,1
22,4010,1
22,4011,0
22,4012,0
22,4013,0
22,4014,0
22,4015,0
22,4016,0
23,0001,0
23,0002,0
23,0003,0
23,0004,0
23,0005,0
23,0006,0
23,0007,0
23,0008,0
23,0009,0
23,0010,0
23,0011,0
23,0012,0
23,1001,1
23,1002,0
23,1003,0
23,1004,0
23,2001,0
23,2002,0
23,2003,1
23,2004,1
23,2005,1
23,2006,1
23,2007,1
23,2008,2
23,2009,1
23,2010,2
23,2011,1
23,2012,1
23,2013,1
23,2014,1
23,2015,0
23,2016,0
23,2017,1
23,2018,1
23,2019,1
23,2020,1
23,2021,1
23,2022,1
23,3001,0
23,3002,0
23,3003,0
23,3004,0
23,3005,0
23,3006,0
23,3007,0
23,3008,0
23,3009,0
23,3010,0
23,3011,0
23,3012,0
23,3013,0
23,3014,0
23,3015,0
23,3016,0
23,3017,0
23,3018,0
23,3019,0
23,3020,0
23,3021,0
23,3022,0
23,3023,0
23,3024,0
23,3025,0
23,3026,0
23,3027,0
23,4001,1
23,4002,1
23,4003,1
23,4004,1
23,4005,1
23,4006,1
23,4007,1
23,4008,1
23,4009,1
23,4010,0
24,0001,0
24,0002,0
24,0003,0
24,0004,0
24,0005,0
24,0006,0
24,0007,0
24,1001,1
24,1002,0
24,1003,0
24,2001,0
24,2002,1
24,2003,1
24,2004,0
24,2005,1
24,2006,1
24,2007,1
24,2008,1
24,2009,1
24,2010,1
24,2011,1
24,2012,1
24,2013,1
24,2014,0
24,2015,0
24,2016,0
24,3001,0
24,3002,0
24,3003,0
24,3004,0
24,3005,0
24,3006,0
24,3007,0
24,3008,0
24,3009,0
24,3010,0
24,3011,0
24,3012,0
24,3013,0
24,3014,0
24,3015,0
24,3016,0
24,3017,0
24,3018,0
24,3019,0
24,3020,0
24,3021,0
24,3022,0
24,3023,0
24,3024,0
24,3025,0
24,3026,0
24,3027,0
24,3028,0
24,3029,0
24,3030,0
24,3031,0
24,3032,0
24,4001,1
24,4002,1
24,4003,1
24,4004,1
24,4005,1
24,4006,1
24,4007,1
24,4008,1
24,4009,0
25,0001,0
25,0002,0
25,0003,0
25,0004,0
25,0005,0
25,0006,0
25,0007,0
25,0008,0
25,0009,0
25,0010,0
25,0011,0
25,0012,0
25,0013,0
25,1001,1
25,1002,0
25,1003,0
25,1004,0
25,2001,0
25,2002,1
25,2003,3
25,2004,1
25,2005,1
25,2006,2
25,2007,1
25,2008,0
25,2009,1
25,2010,1
25,2011,0
25,2012,0
25,2013,0
25,2014,0
25,2015,0
25,3001,0
25,3002,0
25,3003,0
25,3004,0
25,3005,0
25,3006,0
25,3007,0
25,3008,0
25,3009,0
25,3010,0
25,3011,0
25,3012,0
25,3013,0
25,3014,0
25,3015,0
25,3016,0
25,3017,0
25,3018,0
25,3019,0
25,3020,0
25,3021,0
25,3022,0
25,3023,0
25,3024,0
25,3025,0
25,3026,0
25,3027,0
25,3028,0
25,3029,0
25,3030,0
25,3031,0
25,3032,0
25,3033,0
25,3034,0
25,3035,0
25,3036,0
25,3037,0
25,3038,0
25,3039,0
25,3040,0
25,3041,0
25,3042,0
25,3043,0
25,3044,0
25,3045,0
25,3046,0
25,4001,1
25,4002,1
25,4003,1
25,4004,1
25,4005,1
25,4006,1
25,4007,1
25,4008,0
26,0001,0
26,0002,0
26,0003,0
26,0004,0
26,0005,0
26,0006,0
26,0007,0
26,0008,0
26,0009,0
26,0010,0
26,1001,1
26,1002,0
26,1003,0
26,2001,0
26,2002,1
26,2003,1
26,2004,0
26,2005,2
26,2006,0
26,3001,0
26,3002,0
26,3003,0
26,3004,0
26,3005,0
26,3006,0
26,3007,0
26,3008,0
26,3009,0
26,3010,0
26,3011,0
26,3012,0
26,3013,0
26,3014,0
26,3015,0
26,3016,0
26,3017,0
26,3018,0
26,3019,0
26,3020,0
26,3021,0
26,3022,0
26,3023,0
26,3024,0
26,3025,0
26,4001,1
26,4002,1
26,4003,1
26,4004,1
26,4005,1
26,4006,1
26,4007,1
26,4008,1
26,4009,0
27,0001,0
27,0002,0
27,0003,0
27,0004,0
27,0005,0
27,0006,0
27,0007,0
27,0008,0
27,0009,0
27,0010,0
27,0011,0
27,1001,1
27,1002,0
27,1003,0
27,1004,0
27,2001,0
27,2002,0
27,2003,1
27,2004,1
27,2005,1
27,2006,1
27,2007,1
27,2008,1
27,2009,1
27,2010,2
27,2011,0
27,2012,1
27,2013,0
27,2014,0
27,2015,1
27,2016,0
27,2017,0
27,2018,1
27,2019,1
27,2020,0
27,2021,0
27,2022,0
27,2023,0
27,2024,0
27,2025,0
27,3001,0
27,3002,0
27,3003,0
27,3004,0
27,3005,0
27,3006,0
27,3007,0
27,3008,0
27,3009,0
27,3010,0
27,3011,0
27,3012,0
27,3013,0
27,3014,0
27,3015,0
27,3016,0
27,3017,0
27,3018,0
27,3019,0
27,3020,0
27,3021,0
27,3022,0
27,3023,0
27,3024,0
27,3025,0
27,3026,0
27,3027,0
27,3028,0
27,3029,0
27,3030,0
27,3031,0
27,3032,0
27,3033,0
27,3034,0
27,3035,0
27,3036,0
27,3037,0
27,3038,0
27,3039,0
27,3040,0
27,4001,1
27,4002,1
27,4003,1
27,4004,1
27,4005,1
27,4006,1
27,4007,1
27,4008,1
27,4009,0
28,0001,0
28,0002,0
28,0003,0
28,0004,0
28,0005,0
28,0006,0
28,0007,0
28,0008,0
28,1001,1
28,1002,0
28,1003,0
28,2001,0
28,2002,2
28,2003,2
28,2004,1
28,2005,1
28,2006,1
28,2007,1
28,2008,1
28,2009,1
28,2010,0
28,3001,0
28,3002,0
28,3003,0
28,3004,0
28,3005,0
28,3006,0
28,3007,0
28,3008,0
28,3009,0
28,3010,0
28,3011,0
28,3012,0
28,3013,0
28,3014,0
28,3015,0
28,3016,0
28,3017,0
28,3018,0
28,3019,0
28,3020,0
28,3021,0
28,3022,0
28,3023,0
28,3024,0
28,3025,0
28,3026,0
28,3027,0
28,3028,0
28,3029,0
28,4001,1
28,4002,1
28,4003,1
28,4004,1
28,4005,1
28,4006,1
28,4007,1
28,4008,1
28,4009,1
28,4010,0
29,0001,0
29,0002,0
29,0003,0
29,0004,0
29,0005,0
29,0006,0
29,0007,0
29,1001,1
29,1002,0
29,1003,0
29,1004,0
29,2001,0
29,2002,2
29,2003,1
29,2004,1
29,2005,1
29,2006,2
29,2007,1
29,2008,1
29,2009,1
29,2010,1
29,2011,0
29,2012,0
29,2013,0
29,2014,0
29,2015,0
29,2016,0
29,2017,0
29,2018,0
29,2019,0
29,2020,0
29,2021,0
29,2022,0
29,2023,0
29,2024,0
29,2025,0
29,2026,0
29,2027,0
29,2028,0
29,2029,0
29,2030,0
29,2031,0
29,2032,0
29,2033,0
29,2034,0
29,2035,0
29,2036,0
29,2037,0
29,2038,0
29,2039,1
29,2040,2
29,2041,0
29,2042,1
29,2043,1
29,2044,1
29,2045,1
29,2046,1
29,2047,1
29,2048,2
29,2049,1
29,2050,1
29,2051,2
29,2052,2
29,3001,0
29,3002,0
29,3003,0
29,3004,0
29,3005,0
29,3006,0
29,3007,0
29,3008,0
29,3009,0
29,3010,0
29,3011,0
29,3012,0
29,3013,0
29,3014,0
29,3015,0
29,3016,0
29,3017,0
29,3018,0
29,3019,0
29,3020,0
29,3021,0
29,3022,0
29,3023,0
29,3024,0
29,3025,0
29,3026,0
29,3027,0
29,3028,0
29,3029,0
29,3030,0
29,3031,0
29,3032,0
29,3033,0
29,3034,0
29,3035,0
29,3036,0
29,3037,0
29,3038,0
29,3039,0
29,3040,0
29,3041,0
29,3042,0
29,3043,0
29,3044,0
29,3045,0
29,3046,0
29,3047,0
29,3048,0
29,3049,0
29,4001,1
29,4002,1
29,4003,1
29,4004,1
29,4005,1
29,4006,1
29,4007,1
29,4008,1
29,4009,1
29,4010,1
29,4011,1
29,4012,0
30,0001,0
30,0002,0
30,0003,0
30,0004,0
30,0005,0
30,0006,0
30,0007,0
30,0008,0
30,0009,0
30,0010,0
30,0011,0
30,1001,1
30,1002,0
30,1003,0
30,1004,0
30,2001,0
30,2002,2
30,2003,3
30,2004,1
30,2005,2
30,2006,1
30,2007,0
30,2008,0
30,2009,0
30,2010,0
30,2011,0
30,2012,0
30,2013,1
30,2014,0
30,2015,1
30,2016,1
30,2017,1
30,2018,1
30,2019,0
30,2020,0
30,2021,0
30,2022,0
30,2023,0
30,2024,1
30,2025,0
30,2026,0
30,2027,0
30,2028,0
30,2029,0
30,2030,0
30,2031,0
30,2032,0
30,2033,0
30,3001,0
30,3002,0
30,3003,0
30,3004,0
30,3005,0
30,3006,0
30,3007,0
30,3008,0
30,3009,0
30,3010,0
30,3011,0
30,3012,0
30,3013,0
30,3014,0
30,3015,0
30,3016,0
30,3017,0
30,3018,0
30,3019,0
30,3020,0
30,3021,0
30,3022,0
30,3023,0
30,3024,0
30,3025,0
30,4001,1
30,4002,1
30,4003,1
30,4004,1
30,4005,1
30,4006,1
30,4007,0